vote_id,comment_id,user_id,vote_type,created_at
1,38,405,like,2026-06-18 16:22:10.216069
2,71,289,like,2025-12-07 12:48:36.556349
3,71,60,like,2025-12-03 17:24:32.257549
4,74,164,like,2026-05-20 22:51:53.685699
5,74,103,like,2026-05-30 16:53:39.581666
6,82,178,like,2025-12-05 05:24:02.782547
7,108,333,like,2026-01-26 03:12:58.454838
8,110,146,like,2026-06-02 10:12:01.032748
9,110,114,like,2026-06-05 18:06:42.169758
10,119,500,like,2026-03-29 16:21:24.833495
11,130,2,like,2025-06-23 19:58:36.615555
12,133,583,like,2025-08-01 19:38:43.083603
13,137,581,like,2025-06-08 20:07:38.701257
14,139,80,like,2026-01-01 00:33:13.251438
15,139,244,like,2026-01-11 13:53:17.353803
16,144,345,like,2025-06-28 20:31:55.334153
17,148,111,like,2025-11-29 08:46:52.526354
18,160,231,like,2026-05-31 02:29:44.735755
19,161,35,like,2026-03-20 09:30:14.088875
20,161,302,like,2026-03-21 14:28:11.341442
21,161,21,like,2026-02-28 06:23:49.438128
22,161,327,like,2026-03-21 20:15:26.923900
23,161,268,like,2026-03-18 18:37:03.132716
24,161,108,like,2026-03-12 11:38:25.137678
25,161,76,like,2026-03-03 09:05:42.957834
26,161,351,like,2026-03-10 18:56:41.060258
27,161,175,like,2026-03-09 05:53:26.517380
28,161,386,like,2026-03-03 11:23:48.863987
29,161,165,like,2026-02-18 18:52:52.294357
30,161,573,dislike,2026-02-28 00:54:44.144281
31,166,554,like,2026-01-17 05:58:52.457201
32,166,272,like,2026-01-10 12:47:36.445516
33,170,56,like,2026-06-15 00:55:08.809752
34,180,316,like,2025-03-24 18:49:45.253455
35,198,424,like,2025-04-09 16:06:21.101061
36,206,242,like,2025-08-03 05:50:31.353943
37,206,489,like,2025-08-18 13:09:01.468574
38,221,447,like,2025-06-16 12:56:29.362391
39,236,431,like,2025-05-15 21:59:20.142188
40,238,598,like,2026-06-22 12:35:44.986265
41,238,104,like,2026-06-07 10:03:56.741827
42,238,110,like,2026-06-21 00:24:38.303922
43,238,578,like,2026-06-16 21:21:15.895177
44,238,105,like,2026-05-30 16:48:02.122578
45,238,294,like,2026-06-11 10:44:39.796116
46,238,550,like,2026-06-27 04:07:02.473312
47,238,354,like,2026-06-10 07:06:26.632926
48,238,422,like,2026-06-12 20:56:21.743264
49,238,272,like,2026-06-13 22:34:20.078285
50,238,394,like,2026-06-09 04:29:57.397622
51,238,499,like,2026-05-29 14:20:08.756475
52,238,587,like,2026-06-23 02:33:48.322900
53,238,486,like,2026-05-29 21:51:52.860428
54,238,39,like,2026-06-20 09:01:35.860995
55,238,178,like,2026-06-10 04:04:45.199822
56,238,284,like,2026-06-22 17:47:03.311034
57,238,414,like,2026-06-14 04:48:00.298921
58,238,149,like,2026-06-15 16:18:32.216556
59,238,413,like,2026-06-02 12:21:39.579023
60,238,40,like,2026-06-25 21:30:55.995347
61,238,407,like,2026-06-03 09:57:09.108876
62,238,341,like,2026-05-29 15:28:23.239393
63,238,245,like,2026-05-28 19:49:40.601889
64,238,51,like,2026-05-29 09:49:06.724979
65,238,488,like,2026-06-08 17:40:16.229239
66,238,277,like,2026-06-03 08:39:32.138215
67,238,383,like,2026-06-09 00:03:09.545121
68,238,21,like,2026-06-12 04:44:45.169412
69,238,347,like,2026-06-09 22:55:29.752954
70,238,312,like,2026-06-27 11:49:47.870620
71,238,320,like,2026-06-19 10:18:38.151783
72,238,289,like,2026-06-04 18:55:17.706124
73,238,505,like,2026-06-13 00:24:01.802218
74,238,102,like,2026-06-11 14:15:13.879616
75,238,235,like,2026-06-28 17:47:14.683153
76,238,483,dislike,2026-06-12 13:02:12.986203
77,244,93,like,2026-02-08 21:57:09.902291
78,247,221,like,2026-02-10 08:27:19.807439
79,250,420,like,2025-10-21 06:57:41.644244
80,258,313,like,2025-05-21 19:24:54.395006
81,258,282,like,2025-05-08 17:20:40.510904
82,258,434,like,2025-04-30 16:42:48.292229
83,263,8,like,2026-02-23 16:55:15.488311
84,264,385,like,2025-12-14 09:17:40.010247
85,264,576,like,2025-12-04 00:50:06.376499
86,265,111,like,2025-07-08 23:10:42.368468
87,265,495,like,2025-07-16 07:53:45.309823
88,265,66,like,2025-06-26 07:37:12.595926
89,265,345,like,2025-07-11 07:34:39.574745
90,266,307,like,2026-01-03 03:17:35.503646
91,266,194,like,2026-01-07 14:39:47.954199
92,267,414,like,2026-04-10 07:16:09.147263
93,267,328,like,2026-04-08 02:33:47.181128
94,268,304,like,2026-05-15 10:56:03.151743
95,268,266,like,2026-06-06 21:08:03.020846
96,268,430,like,2026-06-02 08:18:46.627869
97,268,416,like,2026-05-20 14:36:40.079828
98,269,228,like,2025-07-15 12:44:44.493796
99,269,549,like,2025-07-15 08:55:16.510810
100,269,489,like,2025-07-16 13:36:22.049277
101,269,368,like,2025-06-23 09:19:08.340848
102,272,265,like,2025-04-24 17:31:12.722022
103,272,574,like,2025-04-16 13:23:41.963143
104,272,188,like,2025-04-02 03:39:00.300569
105,273,230,like,2026-03-25 09:17:55.718660
106,279,483,like,2025-09-28 06:03:31.513636
107,283,200,like,2025-10-04 14:19:06.199544
108,283,514,like,2025-09-29 13:37:51.531637
109,284,425,like,2025-10-04 01:19:07.936770
110,286,207,like,2025-10-11 18:05:33.020551
111,286,352,like,2025-10-14 21:08:08.922361
112,286,421,like,2025-09-16 18:23:44.624040
113,287,185,like,2025-09-11 05:33:07.364171
114,287,83,like,2025-08-27 02:11:06.867757
115,289,5,like,2026-06-10 08:34:16.583834
116,291,592,like,2025-12-16 05:21:48.113103
117,294,446,like,2025-07-22 01:56:21.595797
118,294,441,like,2025-07-27 20:53:20.599891
119,294,415,like,2025-07-15 21:40:10.654187
120,294,490,like,2025-07-26 04:10:42.377742
121,294,394,like,2025-08-12 04:59:27.111972
122,294,5,like,2025-07-21 18:52:09.476888
123,297,256,like,2025-12-09 13:17:46.118798
124,298,320,like,2025-10-16 14:42:44.116235
125,298,133,like,2025-10-10 00:56:06.522844
126,299,67,like,2025-09-08 23:13:18.727904
127,299,47,like,2025-09-23 12:49:30.592460
128,306,368,like,2025-12-24 02:56:32.827378
129,307,415,like,2025-03-25 17:16:24.949598
130,317,549,like,2026-05-21 03:16:30.104327
131,319,111,like,2025-12-18 06:23:41.810493
132,319,21,like,2025-12-23 20:01:04.241280
133,319,50,like,2025-12-21 09:42:32.427645
134,319,119,like,2025-12-10 16:41:37.015859
135,333,109,like,2026-01-31 09:39:25.453105
136,334,270,like,2025-09-13 09:48:27.086594
137,337,165,like,2026-04-25 18:47:44.780938
138,337,41,like,2026-04-18 09:04:24.970358
139,341,92,like,2026-02-05 19:05:33.882372
140,341,114,like,2026-01-19 11:11:26.861407
141,342,94,like,2026-02-16 02:03:03.692728
142,343,104,like,2025-06-25 14:48:44.306585
143,343,263,like,2025-07-17 17:22:36.245976
144,343,237,like,2025-06-23 23:31:29.282862
145,343,469,like,2025-07-20 20:24:45.040248
146,343,304,like,2025-07-14 13:29:51.191207
147,343,271,like,2025-06-28 03:13:24.067939
148,343,477,like,2025-07-04 08:50:07.636238
149,343,52,like,2025-07-07 00:59:06.520365
150,343,103,like,2025-07-13 04:15:32.968031
151,343,179,like,2025-07-21 17:35:38.259738
152,343,41,like,2025-06-25 13:10:28.500493
153,343,298,like,2025-07-19 14:47:05.865898
154,343,369,like,2025-06-28 13:06:32.642507
155,343,321,like,2025-07-05 19:26:07.953162
156,343,123,dislike,2025-07-24 12:39:41.310864
157,351,61,like,2025-04-14 01:39:47.326527
158,355,584,like,2025-06-24 14:40:12.926071
159,358,30,like,2026-06-02 15:03:24.826595
160,358,135,like,2026-05-21 10:48:26.444131
161,358,496,like,2026-05-28 15:19:11.204656
162,358,501,like,2026-05-30 09:25:11.428275
163,359,539,like,2026-04-01 21:19:29.551793
164,363,347,like,2025-06-19 01:52:08.855633
165,364,98,like,2025-11-06 18:40:16.714882
166,364,445,like,2025-11-06 00:49:34.884479
167,364,256,like,2025-10-20 14:37:34.882894
168,367,56,like,2025-06-23 13:33:03.063632
169,376,520,like,2026-04-28 10:03:33.337368
170,376,229,like,2026-05-13 00:49:54.591387
171,392,313,like,2025-06-10 03:18:33.341516
172,392,522,like,2025-06-16 03:23:52.925485
173,392,577,like,2025-05-25 06:20:37.248478
174,392,212,like,2025-05-29 05:02:43.751088
175,392,469,like,2025-05-28 10:04:49.951584
176,392,351,like,2025-06-16 15:12:21.896522
177,392,374,like,2025-06-16 18:58:06.486996
178,392,56,like,2025-05-27 07:17:25.427992
179,392,229,like,2025-06-13 02:24:09.378575
180,392,467,like,2025-05-29 23:45:21.285627
181,392,341,like,2025-06-23 17:53:39.118457
182,392,575,like,2025-06-05 20:02:18.183052
183,392,486,like,2025-06-07 23:21:28.795980
184,392,465,like,2025-06-18 18:51:27.054604
185,392,117,like,2025-06-16 15:09:05.485768
186,392,100,like,2025-05-27 07:56:01.644284
187,392,228,like,2025-06-06 13:17:50.886066
188,392,3,like,2025-06-23 15:01:20.700043
189,392,365,like,2025-06-20 15:41:39.056057
190,392,307,dislike,2025-06-12 08:46:12.282842
191,392,581,dislike,2025-06-18 11:26:14.392171
192,397,512,like,2025-09-16 04:33:14.521843
193,398,567,like,2025-11-06 08:38:21.926920
194,398,444,like,2025-11-04 12:37:49.698503
195,398,495,like,2025-11-02 21:40:56.138258
196,398,521,like,2025-11-19 22:10:51.209872
197,398,182,like,2025-10-28 16:53:14.753388
198,398,594,like,2025-11-13 04:21:46.752197
199,398,178,like,2025-11-22 15:29:34.480706
200,398,132,like,2025-11-10 04:10:44.849936
201,398,107,like,2025-11-21 04:48:10.699220
202,398,397,like,2025-11-11 08:35:17.534644
203,398,330,like,2025-11-03 13:28:19.426993
204,398,517,like,2025-11-17 15:47:54.044505
205,398,394,like,2025-11-11 13:12:31.238226
206,398,429,like,2025-10-31 08:13:02.901346
207,398,259,dislike,2025-10-31 02:06:48.902345
208,398,285,dislike,2025-11-16 21:51:03.799743
209,400,136,like,2025-12-26 14:43:17.808285
210,401,183,like,2026-04-10 20:22:20.197914
211,401,517,like,2026-04-22 20:15:58.251705
212,401,557,like,2026-04-15 02:13:34.195844
213,401,331,like,2026-04-13 21:31:19.375511
214,401,119,like,2026-04-21 05:13:12.221126
215,401,361,like,2026-04-09 05:14:58.211824
216,402,433,like,2026-02-27 22:05:27.846365
217,402,14,like,2026-03-17 10:01:58.951712
218,402,537,like,2026-03-01 17:45:05.878585
219,402,110,like,2026-03-20 01:58:39.770633
220,403,165,like,2025-05-26 12:25:05.463467
221,408,556,like,2025-04-11 03:09:41.778852
222,408,34,like,2025-04-23 10:32:17.012502
223,408,369,like,2025-04-28 18:49:43.020623
224,408,465,like,2025-05-01 18:10:59.435025
225,408,106,like,2025-04-30 10:04:31.757171
226,408,577,like,2025-05-03 03:16:40.095112
227,408,231,like,2025-04-26 05:47:31.047551
228,408,576,like,2025-04-24 08:11:40.599524
229,408,400,like,2025-04-27 22:10:29.520141
230,408,245,like,2025-04-20 23:22:50.922840
231,408,525,like,2025-04-22 20:47:53.823731
232,408,296,like,2025-04-28 15:00:21.955092
233,408,49,like,2025-05-04 21:31:14.019743
234,408,392,like,2025-04-12 13:25:51.167937
235,408,398,like,2025-04-08 16:01:45.916786
236,408,428,like,2025-04-25 12:12:56.822040
237,408,322,like,2025-04-08 23:40:11.883953
238,408,567,like,2025-04-08 13:07:29.308883
239,408,56,like,2025-04-19 21:09:58.265131
240,410,440,like,2026-02-18 17:09:26.144160
241,412,262,like,2026-03-30 04:55:46.213430
242,412,6,like,2026-03-11 17:01:21.449698
243,418,309,like,2026-02-03 12:51:19.623471
244,419,367,like,2025-11-30 18:07:47.824444
245,422,535,like,2025-06-15 18:55:56.625319
246,425,96,like,2025-10-23 17:27:44.474968
247,425,359,like,2025-10-12 15:50:24.769884
248,425,228,like,2025-10-07 21:06:05.342611
249,425,220,like,2025-10-10 18:17:00.526602
250,425,341,like,2025-10-17 02:55:21.858449
251,425,371,like,2025-10-13 16:39:20.965603
252,426,118,like,2026-06-25 14:04:11.334422
253,428,250,like,2026-04-17 04:37:40.932943
254,428,41,like,2026-05-07 00:37:27.741943
255,430,396,like,2025-09-28 13:34:40.907849
256,430,263,like,2025-10-14 23:18:27.735272
257,430,555,like,2025-10-23 10:12:32.054463
258,431,528,like,2026-03-02 02:13:01.604233
259,432,45,like,2025-12-03 15:48:16.059269
260,432,304,like,2025-11-11 00:37:07.988291
261,432,198,like,2025-11-12 04:54:29.725801
262,432,329,like,2025-11-15 16:42:12.832862
263,432,528,like,2025-11-18 03:50:10.444677
264,432,85,like,2025-11-12 02:39:48.627451
265,432,99,like,2025-12-07 03:36:19.039481
266,432,172,like,2025-12-10 03:05:56.736184
267,432,552,like,2025-11-23 08:24:57.803890
268,432,548,like,2025-11-24 19:12:37.313405
269,432,8,like,2025-11-23 05:52:05.701450
270,432,68,like,2025-11-20 07:25:59.630071
271,432,216,like,2025-11-22 17:54:40.779486
272,432,219,like,2025-11-13 16:57:15.995307
273,432,435,like,2025-11-09 23:01:44.312909
274,432,107,like,2025-12-03 18:32:18.163179
275,432,211,like,2025-11-11 20:53:59.663210
276,432,446,like,2025-12-04 15:04:14.371221
277,432,74,like,2025-11-11 06:43:23.940726
278,432,158,like,2025-12-08 00:54:38.970160
279,433,368,like,2026-04-25 19:49:09.422683
280,433,516,like,2026-03-30 10:46:36.152532
281,433,109,like,2026-04-03 15:10:48.602177
282,433,297,like,2026-04-05 18:00:50.285951
283,433,309,like,2026-04-23 07:31:28.262053
284,433,89,like,2026-04-24 23:32:15.855309
285,433,289,like,2026-04-26 17:41:43.218223
286,433,450,like,2026-04-08 06:06:14.988247
287,434,148,like,2025-11-26 03:53:53.037745
288,436,384,like,2025-07-05 21:12:59.222910
289,436,12,like,2025-06-21 11:44:55.613194
290,437,6,like,2025-06-01 16:46:30.621437
291,437,588,like,2025-06-07 18:28:52.282262
292,437,405,like,2025-05-28 03:26:10.512308
293,437,552,like,2025-05-23 11:10:08.256758
294,437,562,like,2025-06-10 03:53:59.555520
295,437,88,like,2025-05-28 03:12:12.099996
296,437,314,like,2025-05-22 16:25:27.629701
297,437,217,like,2025-06-08 20:16:53.302342
298,437,354,like,2025-05-27 03:35:42.667855
299,437,218,like,2025-05-26 23:47:38.425727
300,437,424,like,2025-05-31 01:28:28.990576
301,437,526,like,2025-05-27 15:34:31.882629
302,437,147,like,2025-05-15 13:16:50.091735
303,437,166,like,2025-05-16 10:35:26.135948
304,437,190,like,2025-05-13 11:46:35.457488
305,437,228,like,2025-06-01 08:53:15.134231
306,437,260,like,2025-05-17 23:19:10.627264
307,437,200,like,2025-05-17 03:37:49.713682
308,437,118,like,2025-05-22 23:53:03.446692
309,437,187,like,2025-06-03 19:56:53.167701
310,437,56,like,2025-05-14 20:46:12.409085
311,437,564,like,2025-05-18 14:22:58.805239
312,437,474,like,2025-06-06 23:02:38.539947
313,437,579,like,2025-06-03 22:18:37.664913
314,437,75,like,2025-05-26 23:19:09.317595
315,437,299,like,2025-05-26 21:09:27.538387
316,437,69,like,2025-05-17 22:40:08.746382
317,437,258,like,2025-05-16 07:06:10.595757
318,437,101,like,2025-06-07 16:47:52.556971
319,437,204,like,2025-05-11 16:03:45.957237
320,437,500,like,2025-05-12 08:37:17.041598
321,437,340,like,2025-05-30 00:53:42.520048
322,437,367,like,2025-05-16 07:00:33.291612
323,437,132,like,2025-05-31 21:44:17.791031
324,437,242,like,2025-05-12 05:27:31.059243
325,437,103,like,2025-05-29 23:55:16.949137
326,437,293,like,2025-05-12 18:50:07.939335
327,437,72,like,2025-05-19 12:42:49.147881
328,437,583,like,2025-05-16 22:08:09.481333
329,437,327,like,2025-06-11 20:41:47.776429
330,437,499,like,2025-05-30 21:35:31.033002
331,437,463,like,2025-05-29 16:59:22.910080
332,437,338,like,2025-05-11 13:00:07.069988
333,437,315,like,2025-06-03 21:44:37.589925
334,437,158,like,2025-06-01 23:30:07.147725
335,437,375,like,2025-05-20 08:52:10.691401
336,437,325,like,2025-05-13 18:42:17.055232
337,437,440,like,2025-05-25 21:28:07.048817
338,437,174,like,2025-06-13 00:19:35.739632
339,437,5,like,2025-06-08 19:56:52.276450
340,437,322,like,2025-05-16 14:33:33.705243
341,437,254,like,2025-06-07 14:23:48.462501
342,437,585,like,2025-05-30 22:46:36.864857
343,437,448,like,2025-06-06 09:47:55.649703
344,437,285,like,2025-06-07 06:28:06.526129
345,437,370,like,2025-05-16 23:36:47.724739
346,437,138,like,2025-06-01 21:49:29.767520
347,437,341,like,2025-05-19 17:43:20.979163
348,437,493,like,2025-06-04 01:27:19.345817
349,437,475,like,2025-05-22 08:14:34.638087
350,437,458,like,2025-05-26 00:52:55.385356
351,437,369,like,2025-05-30 14:34:57.821238
352,437,594,like,2025-05-18 13:57:25.074428
353,437,570,like,2025-05-23 18:28:31.589650
354,437,112,like,2025-05-14 12:57:43.295389
355,437,181,like,2025-05-17 15:59:05.188727
356,437,84,like,2025-06-08 13:46:45.440344
357,437,289,like,2025-05-27 17:35:36.802437
358,437,145,like,2025-05-24 21:56:31.003847
359,437,203,like,2025-05-15 21:45:17.604997
360,437,271,like,2025-05-14 03:08:41.268316
361,437,79,like,2025-05-26 18:48:04.621563
362,437,78,like,2025-05-31 09:54:16.095456
363,437,20,like,2025-05-12 05:20:06.670573
364,437,521,like,2025-06-06 01:12:01.883689
365,437,32,like,2025-05-27 16:46:09.486792
366,437,416,like,2025-05-14 20:07:08.618288
367,437,219,like,2025-05-26 23:53:55.260477
368,437,38,like,2025-05-15 06:22:08.428791
369,437,268,like,2025-05-31 00:53:08.361728
370,437,485,like,2025-06-07 12:07:24.089871
371,437,154,like,2025-06-09 19:40:51.951554
372,437,376,like,2025-06-05 18:00:08.185788
373,437,403,like,2025-06-01 13:29:28.764460
374,437,230,like,2025-05-28 07:44:28.748778
375,437,575,like,2025-05-23 06:24:28.424069
376,437,544,like,2025-05-12 08:51:23.623362
377,437,477,like,2025-05-28 13:57:32.941899
378,437,573,like,2025-05-18 13:41:41.785725
379,437,263,like,2025-06-06 15:56:45.931856
380,437,47,like,2025-06-06 05:45:01.452588
381,437,205,like,2025-05-23 15:05:42.476406
382,437,188,like,2025-05-30 13:20:39.855440
383,437,259,like,2025-06-04 15:13:16.209126
384,437,600,like,2025-06-05 07:20:14.341250
385,437,543,like,2025-06-03 03:28:19.264447
386,437,123,like,2025-05-14 04:16:46.063392
387,437,436,like,2025-05-15 09:12:44.711552
388,437,495,like,2025-05-26 19:49:08.129926
389,437,414,like,2025-05-18 16:06:58.492346
390,437,316,like,2025-06-08 13:20:54.719581
391,437,352,like,2025-05-20 08:43:09.371219
392,437,85,like,2025-06-09 03:31:08.349349
393,437,389,like,2025-05-24 13:01:23.876852
394,437,265,like,2025-05-17 05:19:21.886860
395,437,563,like,2025-06-03 13:25:30.018507
396,437,516,like,2025-06-06 05:38:38.116392
397,437,82,like,2025-05-30 04:29:44.347258
398,437,92,like,2025-05-14 20:22:07.746819
399,437,291,like,2025-05-11 03:51:40.238411
400,437,487,like,2025-06-01 17:44:34.195266
401,437,491,like,2025-06-02 20:19:09.569273
402,437,339,like,2025-05-21 10:49:38.305485
403,437,547,like,2025-05-22 23:55:18.361904
404,437,576,like,2025-05-16 01:55:43.679371
405,437,378,like,2025-06-01 15:22:00.059513
406,437,518,like,2025-05-19 09:00:43.618901
407,437,249,like,2025-06-08 10:05:14.915005
408,437,482,like,2025-05-25 00:57:18.623961
409,437,185,like,2025-05-23 02:37:16.359330
410,437,21,like,2025-05-20 02:33:15.730847
411,437,113,like,2025-06-02 14:35:25.797936
412,437,391,like,2025-06-05 02:05:00.441109
413,437,251,like,2025-05-24 16:41:18.463245
414,437,119,like,2025-06-06 01:08:12.008208
415,437,33,like,2025-05-27 00:04:48.507533
416,437,136,like,2025-05-23 06:16:34.717725
417,437,191,like,2025-05-29 10:02:06.073492
418,437,120,like,2025-05-19 09:07:40.986228
419,437,22,like,2025-05-21 03:25:42.256976
420,437,344,like,2025-05-22 09:35:27.523492
421,437,106,like,2025-06-03 10:30:05.838310
422,437,267,like,2025-06-04 10:43:54.767494
423,437,466,like,2025-06-08 10:06:18.265085
424,437,407,like,2025-06-01 21:31:55.972836
425,437,186,like,2025-06-04 20:21:26.249183
426,437,596,like,2025-05-25 19:22:54.614309
427,437,566,like,2025-06-03 05:33:18.321163
428,437,234,like,2025-05-16 07:32:31.306352
429,437,453,like,2025-05-18 01:40:20.814983
430,437,24,like,2025-05-24 06:33:16.777859
431,437,480,like,2025-05-22 04:51:22.364724
432,437,334,like,2025-05-29 06:34:00.865392
433,437,167,like,2025-06-03 03:45:06.704479
434,437,53,like,2025-06-03 11:32:16.375928
435,437,357,dislike,2025-05-16 06:41:46.833657
436,437,429,dislike,2025-06-12 01:45:43.691312
437,437,556,dislike,2025-05-11 02:20:18.391754
438,437,184,dislike,2025-05-13 22:58:36.489960
439,437,559,dislike,2025-05-15 18:22:07.262560
440,437,503,dislike,2025-06-10 18:47:43.316211
441,437,177,dislike,2025-05-25 10:24:28.378865
442,437,395,dislike,2025-05-13 01:22:13.081697
443,437,372,dislike,2025-05-18 07:31:19.671857
444,437,388,dislike,2025-05-13 14:08:15.809037
445,437,117,dislike,2025-05-12 04:18:36.741614
446,437,256,dislike,2025-05-23 17:34:00.277380
447,437,441,dislike,2025-06-12 17:39:51.897171
448,437,257,dislike,2025-05-31 09:16:42.268617
449,437,248,dislike,2025-05-28 06:54:37.331828
450,437,399,dislike,2025-06-03 15:23:26.162675
451,438,59,like,2025-08-12 02:49:58.096989
452,438,181,like,2025-08-14 18:59:07.690350
453,438,508,like,2025-08-01 00:54:04.756988
454,438,451,like,2025-07-21 06:10:33.208680
455,439,524,like,2025-11-05 12:17:18.657600
456,439,530,like,2025-11-12 19:38:05.234373
457,439,239,like,2025-10-21 12:59:17.133930
458,439,174,like,2025-10-22 06:13:37.348625
459,439,37,like,2025-10-28 17:41:21.785416
460,439,370,like,2025-11-15 21:54:22.309805
461,439,246,like,2025-11-18 18:06:05.523722
462,439,1,like,2025-10-30 20:34:13.993706
463,439,162,like,2025-11-20 08:43:28.154140
464,439,89,like,2025-10-28 11:18:02.282999
465,439,284,like,2025-11-08 11:11:06.293769
466,439,411,like,2025-10-25 17:42:52.234839
467,439,363,like,2025-11-19 05:51:55.540290
468,439,406,like,2025-11-07 10:01:11.037379
469,439,211,dislike,2025-10-27 22:58:49.295086
470,440,418,like,2025-09-27 09:43:21.641012
471,440,520,like,2025-09-12 18:34:10.207647
472,440,111,like,2025-08-26 21:08:40.854235
473,440,574,like,2025-09-23 07:06:27.951476
474,440,76,like,2025-09-03 19:58:19.977060
475,440,517,like,2025-08-29 15:46:25.220964
476,440,303,like,2025-09-18 00:19:28.062429
477,440,350,like,2025-09-22 22:13:33.167835
478,440,121,like,2025-08-29 02:11:21.065234
479,440,527,like,2025-09-26 14:28:59.232824
480,440,265,like,2025-09-11 10:36:37.769874
481,440,552,like,2025-09-07 08:11:47.289600
482,440,590,like,2025-09-25 08:49:08.870363
483,440,258,like,2025-09-04 12:37:36.315607
484,440,455,like,2025-09-27 03:03:38.216200
485,440,388,like,2025-09-18 07:51:07.110645
486,440,578,like,2025-09-25 21:18:29.143982
487,440,497,like,2025-09-12 04:33:56.162344
488,440,251,like,2025-09-02 05:05:57.694689
489,440,349,like,2025-09-20 01:42:33.769996
490,440,471,like,2025-09-24 15:33:36.457513
491,440,473,like,2025-09-02 10:47:20.523184
492,440,29,like,2025-09-02 07:34:45.751407
493,440,495,like,2025-09-03 21:07:20.911864
494,440,266,like,2025-09-16 04:14:37.131741
495,440,71,like,2025-08-31 18:09:45.299308
496,440,393,like,2025-08-30 02:43:03.217601
497,440,227,like,2025-09-26 05:30:59.875152
498,440,243,dislike,2025-09-18 02:00:56.981741
499,440,336,dislike,2025-09-17 16:06:19.407660
500,440,440,dislike,2025-09-16 00:25:39.750891
501,441,556,like,2025-09-08 13:09:22.564598
502,441,44,like,2025-09-05 14:28:01.282941
503,441,494,like,2025-09-04 15:52:56.182743
504,441,381,like,2025-08-23 01:30:41.348771
505,441,323,like,2025-09-08 12:22:58.622255
506,442,525,like,2025-11-06 21:24:31.713788
507,442,288,like,2025-10-07 15:44:07.403713
508,442,409,like,2025-10-18 03:30:59.189843
509,442,229,like,2025-11-04 06:00:19.356091
510,442,592,like,2025-11-01 10:24:30.396159
511,442,133,like,2025-10-21 19:26:31.559087
512,442,57,like,2025-10-10 13:58:47.339840
513,442,540,like,2025-10-23 20:14:57.781984
514,442,496,dislike,2025-10-17 02:12:22.624757
515,443,9,like,2026-06-22 12:59:53.044175
516,443,14,like,2026-07-09 05:11:23.372826
517,443,217,like,2026-06-16 17:26:17.378601
518,443,390,like,2026-06-19 05:59:43.565557
519,443,596,like,2026-06-19 11:14:34.046809
520,444,353,like,2025-10-29 22:54:40.966171
521,444,376,like,2025-10-17 01:13:01.767968
522,444,189,like,2025-10-18 05:37:43.848208
523,444,512,like,2025-10-19 21:44:16.663088
524,444,436,like,2025-10-23 22:16:57.155988
525,444,216,like,2025-11-06 12:34:21.828866
526,446,103,like,2025-05-30 08:19:30.846286
527,446,277,like,2025-06-24 11:21:02.117757
528,446,242,like,2025-06-13 05:31:39.620575
529,446,570,like,2025-06-18 08:11:09.250044
530,446,444,like,2025-06-12 08:10:47.957345
531,446,391,like,2025-06-08 12:01:16.909363
532,446,201,like,2025-06-09 09:03:56.699080
533,446,150,like,2025-06-16 00:34:34.178706
534,446,154,like,2025-06-28 09:46:18.456681
535,446,486,like,2025-06-05 22:28:04.775744
536,446,10,like,2025-05-29 00:09:51.839249
537,446,181,like,2025-06-01 09:17:10.047385
538,446,432,like,2025-06-26 06:11:27.600287
539,446,513,like,2025-06-29 10:47:21.773885
540,446,138,like,2025-06-03 23:27:45.437075
541,446,531,like,2025-06-16 13:00:42.115964
542,446,548,like,2025-06-18 23:36:03.219912
543,446,324,like,2025-06-03 03:55:37.925342
544,446,500,like,2025-06-23 08:32:36.280967
545,446,308,like,2025-06-09 04:23:00.109007
546,446,257,like,2025-06-19 18:51:01.458065
547,446,577,like,2025-06-13 14:17:28.062038
548,446,583,like,2025-06-21 21:31:01.432956
549,446,49,like,2025-06-27 00:00:07.531959
550,446,174,dislike,2025-06-10 01:09:10.553870
551,447,295,like,2025-04-29 06:22:07.346856
552,447,476,like,2025-04-07 21:16:43.418193
553,447,150,like,2025-04-26 22:55:00.447852
554,447,173,like,2025-04-11 16:52:05.483082
555,447,347,like,2025-04-17 17:24:31.869222
556,447,433,like,2025-05-06 19:04:53.764717
557,447,587,like,2025-05-05 23:04:57.653082
558,447,416,like,2025-04-10 00:59:58.679605
559,447,74,like,2025-04-29 00:42:00.527132
560,447,82,like,2025-04-29 13:53:24.529382
561,447,167,like,2025-04-23 01:46:27.983255
562,447,353,like,2025-04-08 19:49:25.297707
563,447,235,like,2025-04-20 19:05:38.971020
564,447,323,like,2025-04-14 17:09:39.423981
565,447,326,like,2025-04-16 18:27:06.512221
566,447,300,like,2025-04-06 11:46:49.784738
567,447,275,like,2025-04-26 23:27:58.721532
568,447,406,like,2025-05-07 04:43:47.036810
569,447,279,like,2025-04-12 14:52:59.355573
570,447,457,like,2025-04-19 05:26:23.296405
571,447,373,like,2025-04-05 06:09:52.733931
572,447,535,like,2025-05-01 05:37:22.087099
573,447,463,like,2025-04-24 05:52:04.699594
574,447,425,like,2025-04-17 22:45:25.647607
575,447,597,like,2025-04-12 20:34:55.022497
576,447,190,like,2025-05-07 01:10:42.339663
577,447,24,like,2025-04-24 02:58:19.568212
578,447,130,like,2025-04-27 18:42:41.816695
579,447,242,like,2025-04-27 16:50:08.574890
580,447,259,like,2025-04-09 22:06:14.536958
581,447,591,like,2025-04-30 10:44:53.102763
582,447,217,like,2025-04-13 01:05:17.841203
583,447,172,like,2025-04-21 10:02:45.057722
584,447,408,like,2025-04-27 14:51:58.316773
585,447,106,like,2025-04-16 00:50:53.381398
586,447,98,like,2025-05-07 01:49:54.657460
587,447,66,like,2025-04-30 01:45:31.017947
588,447,486,like,2025-04-06 18:09:08.469595
589,447,56,like,2025-04-16 14:31:28.647663
590,447,27,like,2025-04-09 21:14:42.836808
591,447,567,like,2025-04-22 15:11:35.321004
592,447,538,like,2025-04-08 08:01:25.713139
593,447,86,like,2025-04-21 00:23:05.242695
594,447,107,like,2025-04-15 07:30:07.672784
595,447,270,like,2025-04-23 08:47:27.016479
596,447,161,like,2025-04-26 05:49:38.164229
597,447,87,like,2025-04-16 07:57:52.830709
598,447,401,like,2025-05-04 11:32:50.082836
599,447,318,like,2025-04-29 04:39:41.578208
600,447,236,like,2025-04-05 11:11:33.900888
601,447,255,like,2025-04-17 08:19:32.279709
602,447,292,like,2025-04-28 21:37:47.317429
603,447,455,like,2025-04-13 02:40:02.917127
604,447,131,like,2025-04-06 01:42:04.745778
605,447,136,like,2025-04-28 07:24:40.562070
606,447,541,like,2025-04-23 09:19:49.139786
607,447,176,like,2025-04-22 20:17:51.883957
608,447,30,like,2025-04-21 02:11:02.690715
609,447,36,like,2025-04-23 15:28:18.736580
610,447,367,like,2025-04-22 21:00:24.910289
611,447,335,like,2025-04-15 13:03:18.664749
612,447,489,like,2025-04-20 08:49:34.539570
613,447,480,like,2025-05-03 16:14:23.841834
614,447,280,like,2025-04-24 17:03:15.982156
615,447,581,like,2025-05-03 10:33:33.022123
616,447,140,like,2025-04-10 02:23:06.760959
617,447,183,like,2025-04-22 11:01:13.542115
618,447,469,like,2025-04-19 17:37:04.238169
619,447,447,like,2025-05-02 01:38:43.171076
620,447,319,like,2025-04-22 19:23:42.884912
621,447,357,like,2025-04-19 21:22:25.204568
622,447,495,like,2025-04-30 14:50:41.315903
623,447,234,like,2025-04-21 14:52:36.013620
624,447,92,like,2025-04-29 05:02:12.038101
625,447,454,like,2025-05-04 04:27:22.975645
626,447,317,like,2025-04-25 09:53:53.409679
627,447,376,like,2025-04-16 21:22:14.310407
628,447,424,like,2025-04-25 10:16:06.003687
629,447,268,like,2025-04-15 10:39:56.734363
630,447,555,like,2025-04-06 20:47:02.001763
631,447,312,like,2025-05-06 23:50:27.634941
632,447,11,like,2025-05-02 01:21:00.976055
633,447,1,like,2025-04-11 02:00:21.765805
634,447,141,like,2025-04-27 12:41:23.388523
635,447,354,like,2025-04-30 06:41:51.937825
636,447,600,like,2025-04-09 21:24:56.502879
637,447,482,like,2025-04-14 04:36:49.503334
638,447,9,like,2025-04-18 09:57:14.782724
639,447,516,like,2025-04-15 11:43:47.023024
640,447,474,like,2025-04-07 23:06:55.878850
641,447,253,like,2025-04-26 17:13:23.909597
642,447,563,like,2025-04-06 05:07:56.261426
643,447,388,like,2025-05-06 00:21:00.408334
644,447,246,like,2025-04-10 17:01:17.486861
645,447,155,like,2025-04-05 19:07:46.154152
646,447,5,like,2025-04-08 07:45:16.628008
647,447,394,like,2025-04-11 03:24:13.666621
648,447,222,like,2025-04-05 19:33:51.134469
649,447,410,like,2025-04-26 03:30:42.546965
650,447,151,like,2025-04-17 16:59:22.342942
651,447,307,like,2025-04-21 02:02:17.499943
652,447,120,like,2025-04-25 13:17:12.736672
653,447,409,like,2025-04-24 10:21:04.369552
654,447,4,like,2025-04-06 09:22:44.349224
655,447,282,like,2025-04-12 02:41:19.361098
656,447,193,like,2025-04-28 16:23:11.903118
657,447,97,like,2025-04-05 04:34:45.739077
658,447,212,like,2025-05-05 10:56:19.145723
659,447,453,like,2025-04-26 14:42:35.905023
660,447,289,like,2025-05-05 16:50:00.454740
661,447,225,like,2025-05-02 11:46:21.511601
662,447,204,like,2025-04-20 08:33:28.075840
663,447,129,like,2025-04-26 01:14:37.886081
664,447,84,like,2025-04-16 18:51:04.769997
665,447,368,like,2025-04-29 12:53:32.772579
666,447,379,like,2025-05-04 10:27:17.899559
667,447,332,like,2025-05-02 03:43:54.109605
668,447,201,like,2025-05-01 05:30:36.524915
669,447,426,like,2025-04-06 16:45:01.813165
670,447,195,like,2025-04-25 07:39:25.719976
671,447,114,like,2025-04-22 09:19:37.736877
672,447,546,like,2025-04-29 05:33:02.716935
673,447,41,like,2025-05-02 13:40:32.457587
674,447,218,like,2025-04-07 08:27:31.622355
675,447,322,like,2025-04-11 22:49:49.924834
676,447,124,like,2025-04-22 01:41:55.329546
677,447,266,like,2025-04-08 03:05:26.090551
678,447,393,like,2025-04-12 10:55:29.592296
679,447,411,like,2025-04-17 14:22:31.276848
680,447,467,like,2025-04-11 04:36:21.752633
681,447,315,like,2025-04-26 15:36:42.102286
682,447,415,like,2025-04-23 18:07:57.429370
683,447,530,like,2025-05-06 08:06:47.375082
684,447,352,like,2025-04-23 08:50:57.365194
685,447,517,like,2025-04-23 08:37:25.571376
686,447,147,like,2025-04-29 14:59:49.866431
687,447,334,like,2025-04-30 07:08:13.992403
688,447,382,like,2025-04-23 23:21:41.080669
689,447,274,like,2025-04-27 05:42:16.326342
690,447,593,like,2025-04-28 04:09:02.941358
691,447,139,like,2025-04-18 23:46:13.714802
692,447,213,like,2025-04-08 05:23:32.645304
693,447,494,like,2025-05-01 04:04:47.144344
694,447,438,like,2025-04-23 02:04:58.286480
695,447,542,like,2025-04-21 13:51:52.950614
696,447,94,like,2025-04-26 16:08:09.560097
697,447,70,like,2025-04-22 13:13:51.116461
698,447,598,like,2025-04-24 18:02:35.048825
699,447,57,like,2025-05-05 20:55:35.254990
700,447,328,like,2025-05-04 20:05:54.458237
701,447,588,like,2025-04-23 02:10:32.008855
702,447,552,like,2025-05-07 23:35:26.647581
703,447,233,like,2025-05-02 21:59:37.305673
704,447,466,like,2025-04-18 11:59:06.422771
705,447,360,like,2025-04-25 20:42:11.310651
706,447,320,like,2025-05-02 07:02:04.070874
707,447,510,like,2025-04-15 12:52:16.392497
708,447,458,like,2025-04-12 18:41:18.704433
709,447,166,like,2025-04-22 22:36:41.312754
710,447,10,like,2025-04-17 06:09:39.398382
711,447,78,like,2025-04-23 02:18:05.214946
712,447,26,like,2025-04-29 13:46:23.386446
713,447,584,like,2025-04-16 18:07:02.352167
714,447,12,like,2025-04-19 20:01:59.748476
715,447,96,like,2025-05-06 17:58:12.103809
716,447,53,like,2025-04-04 18:16:01.150981
717,447,146,like,2025-04-05 21:50:26.901174
718,447,460,like,2025-04-14 05:41:46.394113
719,447,65,like,2025-04-05 07:09:08.792701
720,447,509,like,2025-04-09 06:10:44.585668
721,447,226,like,2025-05-04 10:22:12.468606
722,447,374,like,2025-04-04 23:21:55.970198
723,447,505,like,2025-05-07 13:37:33.687669
724,447,121,like,2025-04-11 21:58:07.443602
725,447,47,like,2025-04-15 06:02:03.206899
726,447,440,like,2025-04-30 11:19:44.190085
727,447,8,like,2025-05-06 04:47:19.712742
728,447,254,like,2025-05-02 03:58:49.622095
729,447,113,like,2025-05-05 09:24:00.541712
730,447,177,like,2025-04-21 19:07:39.629179
731,447,569,like,2025-04-23 18:38:42.173350
732,447,521,like,2025-04-23 19:23:59.813891
733,447,404,like,2025-04-07 21:32:24.670065
734,447,472,like,2025-04-20 02:24:22.783061
735,447,257,like,2025-04-09 22:59:46.209033
736,447,192,like,2025-04-13 14:06:03.699025
737,447,239,like,2025-05-04 09:48:38.757923
738,447,358,like,2025-04-13 01:59:45.631706
739,447,407,like,2025-04-13 07:06:19.997500
740,447,17,like,2025-04-14 18:21:08.745973
741,447,171,like,2025-04-23 18:30:00.762086
742,447,42,like,2025-04-23 17:21:44.761087
743,447,112,dislike,2025-04-12 00:03:37.109804
744,447,45,dislike,2025-04-07 07:52:18.251486
745,447,206,dislike,2025-04-15 13:51:50.858392
746,447,583,dislike,2025-04-20 20:08:13.281173
747,447,301,dislike,2025-04-21 00:43:53.770072
748,447,55,dislike,2025-05-04 17:19:47.141538
749,447,420,dislike,2025-04-28 04:23:19.679922
750,447,362,dislike,2025-05-02 01:43:21.705486
751,447,142,dislike,2025-04-07 22:24:06.216871
752,447,152,dislike,2025-04-26 03:54:51.057079
753,447,196,dislike,2025-04-06 00:00:27.939751
754,447,294,dislike,2025-05-01 16:47:00.318580
755,447,15,dislike,2025-04-17 11:20:50.540996
756,447,93,dislike,2025-04-30 18:12:28.837821
757,447,578,dislike,2025-05-05 11:36:27.652735
758,447,544,dislike,2025-04-15 21:37:19.918840
759,447,194,dislike,2025-05-04 01:56:40.150390
760,447,297,dislike,2025-04-19 05:33:14.405919
761,447,579,dislike,2025-05-05 18:18:26.464515
762,447,341,dislike,2025-04-08 18:32:34.464893
763,447,191,dislike,2025-04-30 10:25:21.109114
764,447,559,dislike,2025-04-29 16:15:12.275693
765,447,31,dislike,2025-05-03 01:41:34.864617
766,447,156,dislike,2025-05-05 17:01:58.860213
767,447,351,dislike,2025-04-25 21:13:12.599488
768,449,56,like,2026-02-18 23:08:46.380830
769,450,554,like,2025-06-27 02:40:29.226793
770,450,580,like,2025-06-15 19:43:05.123941
771,450,154,like,2025-06-17 13:54:17.694542
772,450,336,like,2025-06-22 13:31:03.645855
773,450,516,like,2025-06-19 13:11:43.451729
774,450,227,like,2025-06-10 03:04:49.544002
775,450,157,like,2025-06-12 09:14:18.058897
776,451,405,like,2025-03-21 04:42:19.915963
777,451,152,like,2025-04-09 06:42:07.058848
778,451,136,like,2025-03-18 20:33:50.796528
779,451,345,like,2025-04-09 15:34:40.305003
780,451,85,like,2025-03-24 02:21:04.342997
781,451,489,like,2025-04-05 16:42:52.245143
782,451,587,like,2025-03-20 22:03:15.194739
783,451,51,like,2025-04-12 17:52:06.107430
784,451,563,like,2025-03-25 14:03:38.266564
785,451,410,like,2025-03-27 10:31:46.763060
786,451,269,like,2025-04-11 19:20:13.838554
787,451,88,like,2025-03-26 04:00:25.194643
788,451,515,like,2025-03-31 16:51:53.285240
789,451,446,like,2025-03-27 01:24:50.161394
790,451,134,like,2025-04-09 15:55:22.607304
791,451,139,like,2025-03-23 01:24:46.113507
792,451,494,like,2025-04-03 05:03:06.946721
793,451,574,like,2025-04-10 00:11:48.038894
794,451,203,like,2025-04-03 06:57:09.368343
795,451,501,like,2025-04-05 18:20:46.149917
796,451,406,like,2025-04-18 01:45:15.339806
797,451,201,like,2025-04-08 03:58:10.104192
798,451,576,like,2025-04-07 06:31:15.686441
799,451,538,like,2025-03-28 13:11:52.419786
800,451,253,like,2025-04-15 04:44:41.234170
801,451,249,like,2025-04-02 13:21:06.591215
802,451,74,like,2025-03-24 12:16:39.482826
803,451,273,like,2025-03-18 00:00:02.153265
804,451,442,like,2025-03-22 16:28:09.854649
805,451,332,like,2025-04-08 05:08:02.073284
806,451,591,like,2025-03-25 00:56:15.790468
807,451,92,like,2025-03-31 11:52:52.367481
808,451,116,like,2025-04-16 12:03:13.479404
809,451,425,like,2025-03-18 05:11:26.852661
810,451,435,like,2025-04-07 00:12:38.947922
811,451,375,like,2025-04-07 02:17:52.321361
812,451,357,like,2025-04-15 10:12:27.297882
813,451,196,like,2025-03-28 00:05:16.340368
814,451,329,like,2025-03-19 14:13:32.537766
815,451,353,like,2025-03-25 17:54:32.473801
816,451,25,like,2025-04-14 10:38:03.878120
817,451,313,like,2025-03-28 21:07:52.101758
818,451,174,like,2025-04-17 15:44:48.621557
819,451,359,like,2025-04-01 22:44:41.367059
820,451,454,like,2025-04-08 15:39:48.949692
821,451,150,like,2025-04-15 03:00:36.743707
822,451,258,dislike,2025-04-01 03:38:32.207769
823,451,221,dislike,2025-04-04 21:35:51.667148
824,451,415,dislike,2025-03-18 22:19:44.736696
825,456,42,like,2025-08-18 10:41:15.249033
826,456,255,like,2025-08-02 13:05:35.967559
827,456,544,like,2025-08-12 21:36:23.196456
828,456,314,like,2025-08-06 16:43:33.766870
829,456,343,like,2025-08-15 03:02:02.309040
830,456,503,like,2025-08-15 12:24:49.767276
831,456,404,like,2025-08-12 23:58:44.635883
832,456,162,like,2025-07-17 19:39:53.546920
833,456,20,like,2025-08-04 08:02:37.091968
834,456,357,like,2025-07-26 04:14:50.031898
835,456,362,like,2025-07-21 21:27:31.319983
836,456,365,like,2025-08-15 17:49:56.666480
837,456,311,like,2025-08-07 17:38:15.225144
838,457,90,like,2025-06-10 22:31:06.313586
839,457,392,like,2025-06-08 21:52:37.188537
840,457,535,like,2025-05-20 13:30:59.301579
841,457,233,like,2025-05-27 15:52:32.458545
842,457,428,like,2025-05-16 11:29:40.206096
843,457,247,like,2025-05-14 04:56:59.652252
844,457,588,like,2025-05-27 15:10:18.276403
845,458,208,like,2025-10-04 18:57:49.117030
846,458,142,like,2025-10-20 18:06:49.972678
847,458,317,like,2025-10-16 02:57:07.931806
848,458,538,like,2025-10-12 07:53:51.386994
849,459,580,like,2025-04-21 23:47:43.328014
850,459,162,like,2025-04-28 04:58:42.729355
851,459,326,like,2025-04-10 08:44:03.494356
852,460,150,like,2025-04-17 04:12:09.962323
853,460,31,like,2025-04-13 15:55:28.704806
854,460,328,like,2025-05-15 15:43:49.935060
855,460,425,like,2025-05-03 08:31:23.762856
856,460,423,like,2025-05-02 23:26:58.819403
857,460,312,like,2025-05-03 04:51:20.448734
858,460,455,like,2025-05-02 16:03:16.621742
859,460,282,like,2025-04-20 11:41:45.474455
860,460,156,like,2025-04-13 15:50:01.166248
861,460,111,dislike,2025-04-15 10:32:47.066287
862,461,489,like,2025-11-22 21:25:05.163284
863,461,138,like,2025-11-26 11:15:50.384201
864,462,384,like,2025-08-11 00:57:49.114062
865,462,190,like,2025-07-30 05:49:02.434855
866,463,198,like,2025-10-05 04:45:42.951769
867,464,16,like,2025-05-01 07:03:37.242030
868,465,229,like,2025-04-16 21:32:41.737761
869,469,451,like,2025-08-17 23:51:02.424225
870,469,503,like,2025-08-15 16:59:25.647518
871,469,333,like,2025-08-27 09:25:56.675170
872,469,470,like,2025-08-24 10:20:30.919692
873,469,253,like,2025-08-15 13:19:31.098938
874,469,439,like,2025-08-13 06:05:37.342797
875,469,416,like,2025-08-25 18:24:50.808993
876,469,43,like,2025-07-30 14:44:19.554320
877,469,390,like,2025-08-31 09:28:30.466203
878,469,321,like,2025-08-15 11:46:05.355666
879,469,405,like,2025-08-11 09:17:41.962525
880,469,598,dislike,2025-08-22 16:56:31.551079
881,470,573,like,2026-01-11 03:25:54.554970
882,472,196,like,2025-11-21 06:06:41.880791
883,472,300,like,2025-11-13 14:50:51.879747
884,472,452,like,2025-11-20 17:49:33.221613
885,472,409,like,2025-11-06 01:44:54.744108
886,472,313,like,2025-11-12 03:45:59.702100
887,472,294,like,2025-10-24 15:14:16.885324
888,472,474,like,2025-11-07 07:24:41.795189
889,472,172,like,2025-10-27 14:42:08.967902
890,472,434,like,2025-11-10 03:14:36.794936
891,473,561,like,2026-05-13 11:46:22.564186
892,473,140,like,2026-05-03 12:56:01.963561
893,474,466,like,2026-01-09 08:41:22.255994
894,474,208,like,2026-01-17 03:48:20.198267
895,475,168,like,2025-03-15 12:07:29.973933
896,477,461,like,2025-11-28 00:10:32.912564
897,477,372,like,2025-11-15 21:40:50.506097
898,477,88,like,2025-10-31 19:56:32.655594
899,477,538,like,2025-11-13 20:17:57.757335
900,477,394,like,2025-10-27 23:08:51.127165
901,479,345,like,2025-08-25 16:21:57.220854
902,479,581,like,2025-08-02 07:55:37.878652
903,481,53,like,2025-06-11 13:10:20.518728
904,484,187,like,2025-07-03 14:10:46.644149
905,485,208,like,2026-05-26 23:25:10.182456
906,485,4,like,2026-05-16 13:53:29.679629
907,485,260,like,2026-04-28 15:41:27.920798
908,485,13,like,2026-05-27 21:15:10.751116
909,487,489,like,2026-05-20 13:43:15.299778
910,487,466,like,2026-04-30 18:00:21.894992
911,487,421,like,2026-05-29 22:28:55.039113
912,488,286,like,2025-11-30 23:34:10.434402
913,488,572,like,2025-11-30 05:19:53.307246
914,491,150,like,2025-09-15 12:30:30.779040
915,491,34,like,2025-10-06 06:03:47.055727
916,491,593,like,2025-09-07 04:58:49.449428
917,492,428,like,2025-05-21 03:34:03.500270
918,492,183,like,2025-05-23 19:54:24.222922
919,492,166,like,2025-05-20 14:40:15.683408
920,495,468,like,2025-09-18 17:24:53.719944
921,495,594,like,2025-10-13 03:33:08.908218
922,500,565,like,2025-12-31 14:07:35.732368
923,500,67,like,2026-01-25 04:02:03.700208
924,500,301,like,2026-01-07 11:52:29.387601
925,501,424,like,2025-09-30 06:15:54.885668
926,503,113,like,2025-04-09 04:26:22.659078
927,503,587,like,2025-04-10 18:55:14.857101
928,503,543,like,2025-04-20 22:00:35.174995
929,503,91,like,2025-04-10 11:45:26.859566
930,503,497,like,2025-04-06 13:26:34.860011
931,503,296,like,2025-04-14 07:40:23.777441
932,503,439,like,2025-04-06 14:31:06.123885
933,503,326,like,2025-04-16 22:42:35.151353
934,504,239,like,2025-05-29 09:36:06.217627
935,504,298,like,2025-05-30 03:31:35.152869
936,505,121,like,2026-01-30 01:37:57.943096
937,505,213,like,2026-02-07 21:31:08.519653
938,505,425,like,2026-01-27 01:26:47.068018
939,505,424,like,2026-01-20 07:57:36.343557
940,505,47,like,2026-02-04 07:03:48.954139
941,505,342,like,2026-01-22 23:02:05.366660
942,505,359,like,2026-02-02 21:56:24.319455
943,505,575,like,2026-02-05 23:57:25.058079
944,505,218,like,2026-01-19 03:20:50.528819
945,505,12,like,2026-02-02 07:50:37.303024
946,505,207,like,2026-01-19 16:16:28.721836
947,505,289,like,2026-01-27 00:34:50.708558
948,505,261,like,2026-01-16 02:28:56.452663
949,505,70,like,2026-02-01 00:16:01.243496
950,505,316,like,2026-02-04 19:30:02.298937
951,505,308,like,2026-02-07 18:17:45.410711
952,505,520,like,2026-01-20 22:44:55.694910
953,505,565,like,2026-02-10 11:33:46.820713
954,505,332,like,2026-01-18 12:14:25.421021
955,505,7,like,2026-01-10 04:48:39.252803
956,505,117,like,2026-02-10 22:46:02.592830
957,505,350,like,2026-01-30 01:04:51.779630
958,505,406,like,2026-02-06 05:47:49.170313
959,505,584,like,2026-01-28 04:39:27.665028
960,505,30,like,2026-01-22 03:31:31.407311
961,505,180,like,2026-01-29 00:01:33.115544
962,505,199,like,2026-02-06 23:32:50.367144
963,505,339,like,2026-02-03 05:06:16.339466
964,505,347,like,2026-02-01 16:05:07.148549
965,505,492,like,2026-01-19 15:28:18.805873
966,505,487,like,2026-01-10 05:10:29.800133
967,505,147,dislike,2026-01-22 22:58:04.893941
968,505,523,dislike,2026-01-25 17:30:57.309560
969,505,167,dislike,2026-01-17 01:59:10.207764
970,506,464,like,2026-02-04 16:03:02.182440
971,506,311,like,2026-01-29 07:58:51.546513
972,507,39,like,2025-11-12 09:23:48.209328
973,507,208,like,2025-11-17 04:04:53.600771
974,507,95,like,2025-11-30 04:24:26.195415
975,507,456,like,2025-11-11 09:35:27.486793
976,507,520,like,2025-11-11 23:10:27.705542
977,507,26,like,2025-11-26 16:53:20.829084
978,507,496,like,2025-11-04 07:54:18.912220
979,507,514,like,2025-12-03 19:07:22.009876
980,508,530,like,2025-03-12 16:46:36.769238
981,508,136,like,2025-03-24 09:36:19.524157
982,509,536,like,2025-04-03 20:14:14.761922
983,509,119,like,2025-03-31 18:01:32.282077
984,509,5,like,2025-03-14 20:15:22.617200
985,509,319,like,2025-03-27 12:05:46.648560
986,510,48,like,2026-02-07 22:33:21.464261
987,511,320,like,2026-01-19 22:34:35.179101
988,513,216,like,2025-08-02 09:04:05.092447
989,514,285,like,2025-04-13 18:29:19.191393
990,515,121,like,2025-11-25 17:31:07.165537
991,520,557,like,2026-05-23 02:32:18.535205
992,520,359,like,2026-06-14 12:19:08.602823
993,529,52,like,2025-03-15 06:26:05.542325
994,529,109,like,2025-03-25 11:04:21.421243
995,530,458,like,2026-05-09 04:00:50.240366
996,531,203,like,2026-04-03 19:37:36.563477
997,531,548,like,2026-03-19 18:29:46.729693
998,531,81,like,2026-03-19 08:20:34.533949
999,531,478,like,2026-03-26 23:27:28.689637
1000,531,583,like,2026-03-27 20:02:53.920185
1001,531,135,like,2026-03-19 16:11:34.227193
1002,531,96,like,2026-03-11 21:13:51.457523
1003,532,230,like,2025-10-17 12:59:57.777311
1004,532,148,like,2025-10-16 09:27:07.849995
1005,532,265,like,2025-10-20 12:19:50.342876
1006,532,373,like,2025-10-23 15:13:50.872451
1007,536,360,like,2026-05-05 02:44:30.538335
1008,536,491,like,2026-05-25 00:27:13.651827
1009,537,590,like,2026-05-20 11:04:23.194247
1010,537,132,like,2026-05-04 18:21:45.624464
1011,537,522,like,2026-05-15 13:13:40.875797
1012,537,107,like,2026-05-20 07:36:41.912844
1013,537,417,like,2026-05-11 15:51:48.036839
1014,550,559,like,2025-11-20 22:09:14.522738
1015,555,118,like,2025-11-26 18:19:37.537562
1016,558,181,like,2025-09-23 20:25:43.532712
1017,564,63,like,2026-01-17 22:06:01.008472
1018,566,1,like,2025-10-01 06:24:33.279633
1019,566,152,like,2025-09-25 21:13:56.319338
1020,567,593,like,2025-11-04 05:46:06.765318
1021,570,312,like,2025-09-26 00:36:14.653194
1022,574,598,like,2025-08-10 18:12:26.731173
1023,574,9,like,2025-07-15 10:07:54.222922
1024,574,524,like,2025-08-12 09:03:49.816167
1025,574,414,like,2025-08-14 14:31:22.422221
1026,575,1,like,2026-04-26 17:51:23.527580
1027,584,391,like,2025-10-05 13:51:03.019705
1028,584,446,like,2025-10-04 10:22:40.246849
1029,584,560,like,2025-10-18 07:27:36.060523
1030,586,370,like,2026-02-01 00:57:06.893180
1031,590,74,like,2025-05-06 20:34:51.228628
1032,591,500,like,2026-05-02 11:51:19.240883
1033,592,140,like,2025-06-07 22:57:37.490121
1034,592,87,like,2025-06-21 03:43:04.102312
1035,592,141,like,2025-06-06 15:25:56.785902
1036,592,427,like,2025-06-01 08:15:12.243576
1037,592,468,like,2025-06-07 23:28:41.347564
1038,592,437,like,2025-05-25 01:36:16.774067
1039,592,185,like,2025-06-10 10:11:10.453828
1040,594,515,like,2025-10-06 11:46:32.175809
1041,597,39,like,2026-05-08 01:10:33.476691
1042,600,82,like,2026-05-12 05:43:12.275359
1043,600,146,like,2026-05-05 09:52:52.421480
1044,600,541,like,2026-04-24 22:44:03.970461
1045,606,80,like,2025-08-07 17:02:42.012783
1046,613,482,like,2026-02-03 16:17:00.095641
1047,613,589,like,2026-01-28 12:37:13.225947
1048,613,341,like,2026-01-17 06:37:09.334758
1049,613,433,like,2026-01-10 11:10:29.530591
1050,613,363,like,2026-01-24 13:38:37.044969
1051,613,303,like,2026-02-05 02:19:22.587596
1052,613,298,like,2026-01-16 23:26:44.785335
1053,613,172,like,2026-01-12 03:11:51.887046
1054,613,37,like,2026-01-17 01:56:39.412831
1055,613,313,like,2026-02-05 07:27:12.396314
1056,613,579,like,2026-01-08 04:31:44.919146
1057,613,267,like,2026-01-11 10:24:22.534525
1058,613,63,like,2026-01-13 12:51:28.131422
1059,613,486,like,2026-01-27 10:34:58.211520
1060,613,594,like,2026-01-12 18:04:30.816943
1061,613,174,like,2026-01-22 14:29:21.373077
1062,613,307,dislike,2026-02-03 15:26:21.441176
1063,616,498,like,2026-05-30 07:21:40.677104
1064,616,187,like,2026-06-01 07:53:46.781015
1065,616,542,like,2026-06-27 14:59:36.997393
1066,616,34,like,2026-06-01 15:09:37.315594
1067,617,509,like,2026-06-24 11:11:16.347651
1068,620,172,like,2026-04-11 03:19:26.888902
1069,620,216,like,2026-04-26 03:12:10.991867
1070,620,593,like,2026-04-16 08:27:05.312643
1071,620,355,like,2026-04-12 02:29:42.747381
1072,620,56,like,2026-04-21 00:44:55.652994
1073,620,271,like,2026-04-17 20:10:57.180614
1074,620,119,like,2026-04-12 23:25:43.911090
1075,620,54,like,2026-04-29 22:14:32.358943
1076,620,477,like,2026-04-16 01:59:54.103926
1077,620,410,like,2026-04-13 20:56:45.550281
1078,620,489,like,2026-04-21 00:35:52.169053
1079,620,309,like,2026-05-05 05:05:30.065036
1080,620,558,dislike,2026-04-06 14:17:11.554890
1081,623,444,like,2026-06-15 10:18:22.411571
1082,625,278,like,2025-11-28 04:10:57.128893
1083,626,600,like,2026-07-07 14:29:28.628318
1084,626,402,like,2026-06-24 11:27:08.641672
1085,626,474,like,2026-06-29 05:26:13.686809
1086,626,249,like,2026-07-10 23:44:04.257181
1087,627,186,like,2026-05-08 08:43:28.842601
1088,627,322,like,2026-05-13 15:50:05.246046
1089,628,13,like,2025-07-28 22:09:07.207290
1090,628,422,like,2025-08-17 10:26:10.935409
1091,628,101,like,2025-07-29 16:25:26.836600
1092,628,539,like,2025-08-16 14:13:46.048729
1093,628,107,like,2025-08-26 14:05:31.787964
1094,628,457,like,2025-08-04 00:22:42.117466
1095,628,360,like,2025-08-16 18:25:35.661273
1096,628,225,like,2025-07-31 20:21:02.509184
1097,628,291,like,2025-08-28 17:09:17.503889
1098,630,134,like,2025-07-29 12:05:17.527955
1099,630,385,like,2025-08-05 14:59:02.662549
1100,630,581,like,2025-08-21 06:21:54.932507
1101,630,190,like,2025-08-11 08:26:38.462550
1102,630,114,like,2025-08-20 19:34:33.325594
1103,631,285,like,2026-03-23 21:48:14.418497
1104,632,333,like,2026-05-26 02:10:48.767162
1105,641,206,like,2026-01-07 01:30:00.051147
1106,642,505,like,2025-06-22 14:17:18.341889
1107,643,443,like,2025-08-17 04:04:17.907147
1108,643,224,like,2025-08-16 03:46:39.182934
1109,643,109,like,2025-09-01 18:31:03.345556
1110,643,454,like,2025-08-22 01:55:08.501957
1111,644,457,like,2025-09-03 15:36:32.038338
1112,644,20,like,2025-09-04 21:10:59.851795
1113,644,510,like,2025-09-16 15:18:06.633775
1114,644,153,like,2025-09-08 16:12:02.754434
1115,646,402,like,2025-06-07 14:22:31.691629
1116,646,590,like,2025-05-28 23:19:48.121678
1117,646,4,like,2025-05-16 10:46:42.271104
1118,646,529,like,2025-05-29 23:39:41.409534
1119,646,504,like,2025-05-08 20:07:28.312780
1120,646,491,like,2025-05-29 10:45:41.512175
1121,646,448,like,2025-06-07 12:21:44.092275
1122,646,415,like,2025-06-04 17:13:25.484776
1123,646,73,like,2025-05-11 14:27:58.174792
1124,646,555,like,2025-05-28 17:36:47.083976
1125,646,233,like,2025-06-05 04:54:50.734620
1126,646,395,like,2025-05-10 11:47:54.454638
1127,646,495,like,2025-06-04 14:36:31.259707
1128,646,126,like,2025-05-12 03:58:34.006550
1129,646,582,like,2025-05-28 04:36:51.455086
1130,646,550,like,2025-05-28 21:08:06.680993
1131,646,369,like,2025-05-10 11:07:13.644149
1132,646,343,like,2025-05-15 02:44:43.006035
1133,646,312,like,2025-05-19 14:30:24.679952
1134,646,412,like,2025-06-05 05:20:56.852670
1135,646,58,like,2025-06-01 22:58:30.323153
1136,646,94,like,2025-05-21 18:14:21.320440
1137,646,376,like,2025-05-12 09:16:27.548450
1138,646,549,like,2025-05-31 03:54:11.066786
1139,646,350,like,2025-05-26 13:20:24.736439
1140,646,84,like,2025-05-19 01:54:15.393950
1141,646,472,like,2025-06-09 12:23:10.605441
1142,646,298,like,2025-05-15 11:13:04.214441
1143,646,209,like,2025-05-09 21:06:05.774146
1144,646,182,like,2025-05-14 03:23:25.750747
1145,646,569,like,2025-05-10 11:12:35.558933
1146,646,42,like,2025-05-17 11:44:49.391732
1147,646,197,like,2025-06-02 14:40:20.770729
1148,646,308,like,2025-05-13 23:04:22.979520
1149,646,401,like,2025-05-20 16:34:27.271422
1150,646,111,like,2025-05-13 20:38:14.167534
1151,646,500,like,2025-05-16 11:32:52.997832
1152,646,88,like,2025-05-27 18:13:15.631563
1153,646,450,like,2025-05-12 19:19:44.648414
1154,646,196,like,2025-06-03 17:28:27.133877
1155,646,145,like,2025-05-29 10:23:17.007967
1156,646,38,like,2025-05-20 21:32:13.964008
1157,646,199,like,2025-05-13 14:50:07.067297
1158,646,26,like,2025-06-06 16:20:02.112106
1159,646,246,like,2025-05-11 01:12:37.632722
1160,646,502,like,2025-05-08 14:24:41.627734
1161,646,400,like,2025-06-08 05:32:30.956585
1162,646,66,like,2025-05-31 22:01:31.318046
1163,646,317,like,2025-05-28 03:37:00.429709
1164,646,513,like,2025-05-17 19:37:03.373901
1165,646,548,like,2025-05-31 11:26:06.681398
1166,646,462,like,2025-06-03 18:25:29.781179
1167,646,17,like,2025-05-24 05:26:32.446160
1168,646,39,like,2025-05-12 14:08:46.689801
1169,646,349,like,2025-05-13 03:06:09.562857
1170,646,59,like,2025-05-17 09:23:31.795536
1171,646,347,like,2025-05-23 08:58:03.619802
1172,646,45,like,2025-05-16 08:02:07.348188
1173,646,417,like,2025-05-14 04:16:17.458080
1174,646,123,like,2025-05-31 09:58:16.403115
1175,646,218,like,2025-05-28 05:38:59.798161
1176,646,537,like,2025-06-01 06:23:28.938593
1177,646,471,like,2025-05-28 18:16:19.997376
1178,646,551,like,2025-05-11 07:02:57.560194
1179,646,154,like,2025-06-04 21:49:09.285369
1180,646,267,dislike,2025-05-18 09:35:31.850312
1181,646,87,dislike,2025-05-22 07:39:39.828405
1182,646,46,dislike,2025-05-26 22:48:02.484482
1183,646,165,dislike,2025-05-14 18:09:16.764689
1184,646,564,dislike,2025-06-10 05:54:54.673801
1185,646,22,dislike,2025-06-09 22:03:55.983180
1186,646,541,dislike,2025-05-28 23:46:08.829335
1187,647,554,like,2026-03-27 13:34:07.787195
1188,648,214,like,2026-03-26 14:17:41.146606
1189,649,153,like,2025-09-08 04:01:33.186698
1190,649,487,like,2025-08-29 03:40:52.995173
1191,649,511,like,2025-08-16 20:29:03.620754
1192,649,181,like,2025-09-11 19:41:44.198337
1193,649,164,like,2025-09-06 00:45:17.046633
1194,649,45,like,2025-09-01 17:47:51.361948
1195,649,56,like,2025-08-23 20:24:36.439867
1196,649,374,like,2025-08-19 14:38:00.193797
1197,649,292,like,2025-09-04 13:06:51.506743
1198,649,215,like,2025-08-23 20:10:48.856314
1199,649,447,like,2025-09-07 22:48:44.978027
1200,649,258,like,2025-08-23 20:32:16.981780
1201,649,344,like,2025-08-16 06:05:00.879971
1202,649,466,like,2025-09-06 13:49:50.028729
1203,649,107,like,2025-09-10 23:32:28.727112
1204,649,54,like,2025-08-25 12:03:29.451711
1205,649,552,like,2025-08-20 08:09:44.918533
1206,650,484,like,2025-11-08 14:45:48.490539
1207,650,498,like,2025-11-06 08:38:06.052715
1208,650,56,like,2025-10-28 23:53:40.067508
1209,650,448,like,2025-11-17 10:37:39.879949
1210,650,149,like,2025-11-14 12:23:15.594193
1211,650,222,like,2025-11-25 23:12:55.744511
1212,652,132,like,2025-10-27 09:45:03.785105
1213,653,288,like,2025-04-25 12:55:34.217717
1214,655,176,like,2026-01-14 14:07:37.608154
1215,655,352,like,2026-01-20 18:51:21.236818
1216,655,226,like,2026-01-15 17:37:03.713528
1217,656,175,like,2025-07-06 13:54:25.661713
1218,657,237,like,2026-06-11 15:02:06.290745
1219,657,90,like,2026-06-28 05:02:09.665792
1220,657,423,like,2026-06-26 11:33:14.791016
1221,657,536,like,2026-07-07 02:33:09.535752
1222,657,502,like,2026-07-07 21:10:18.097849
1223,657,223,like,2026-06-25 14:05:30.234537
1224,657,486,like,2026-06-18 12:32:52.192512
1225,657,475,like,2026-06-29 02:55:41.557417
1226,657,287,like,2026-06-10 22:04:37.309572
1227,657,15,like,2026-07-04 21:34:03.591704
1228,657,440,like,2026-07-12 04:05:08.713408
1229,657,254,like,2026-06-14 22:18:29.659223
1230,657,255,like,2026-06-20 08:46:15.527329
1231,657,337,like,2026-07-02 02:15:02.865641
1232,657,446,like,2026-06-13 12:43:20.068306
1233,657,595,like,2026-06-26 11:57:53.994082
1234,657,229,like,2026-06-20 16:00:28.508478
1235,657,154,like,2026-07-03 22:46:56.019248
1236,657,589,like,2026-07-09 02:28:34.774417
1237,657,6,like,2026-07-05 09:58:04.780310
1238,657,429,like,2026-06-11 07:40:09.898410
1239,657,44,dislike,2026-06-25 16:00:40.591336
1240,657,500,dislike,2026-07-06 05:36:23.916554
1241,657,537,dislike,2026-07-09 15:29:52.323576
1242,658,417,like,2026-03-05 13:13:29.330621
1243,658,191,like,2026-02-25 02:22:29.888125
1244,658,381,like,2026-02-18 18:07:55.114660
1245,658,477,like,2026-03-03 12:57:01.512609
1246,658,2,like,2026-02-15 03:31:22.026255
1247,658,74,like,2026-03-08 13:23:15.945025
1248,658,396,like,2026-02-19 17:41:17.261600
1249,658,342,like,2026-03-17 14:55:09.665567
1250,658,545,like,2026-02-20 20:49:27.184913
1251,658,35,like,2026-02-16 16:45:51.108502
1252,658,305,like,2026-02-28 20:42:46.172730
1253,658,438,like,2026-03-16 05:14:11.039001
1254,658,278,like,2026-03-04 06:00:48.823305
1255,658,557,like,2026-03-16 21:12:03.739013
1256,658,591,like,2026-02-19 21:45:11.643211
1257,658,214,like,2026-03-09 17:55:53.131643
1258,658,84,like,2026-02-20 10:16:04.205223
1259,658,345,like,2026-02-24 16:05:14.601182
1260,658,58,like,2026-02-21 19:48:15.608211
1261,658,529,like,2026-03-07 14:05:58.001577
1262,658,374,like,2026-02-22 03:38:03.555384
1263,658,54,like,2026-02-15 00:36:48.232053
1264,658,115,like,2026-02-24 10:05:57.549023
1265,658,497,dislike,2026-03-01 02:53:58.480309
1266,659,541,like,2025-04-03 23:12:14.695619
1267,659,127,like,2025-04-12 19:53:50.837688
1268,659,483,like,2025-04-21 03:21:06.958378
1269,659,546,like,2025-04-05 21:05:55.281428
1270,659,547,like,2025-04-04 02:04:43.440651
1271,659,301,like,2025-04-14 16:08:31.740859
1272,659,464,like,2025-03-21 19:09:38.137910
1273,659,378,like,2025-03-27 09:13:23.815359
1274,659,69,like,2025-03-21 19:36:14.579709
1275,659,194,like,2025-04-16 19:33:57.733846
1276,659,470,like,2025-04-17 21:55:57.971950
1277,659,91,like,2025-04-07 09:40:16.109259
1278,659,84,like,2025-04-01 06:40:35.942307
1279,659,402,like,2025-04-09 08:56:18.382388
1280,659,185,like,2025-04-11 22:34:59.363150
1281,659,297,like,2025-04-16 07:26:03.283558
1282,659,80,like,2025-04-06 06:53:36.486195
1283,659,113,like,2025-04-12 06:39:32.514398
1284,659,170,like,2025-04-07 18:06:27.860509
1285,659,284,like,2025-04-08 08:44:59.009796
1286,659,116,like,2025-04-05 08:22:49.543476
1287,659,153,like,2025-04-08 23:46:33.901774
1288,659,510,like,2025-04-20 00:36:01.056173
1289,659,156,like,2025-03-31 07:10:14.731829
1290,659,559,dislike,2025-04-16 09:23:20.111130
1291,659,24,dislike,2025-03-28 15:24:01.100095
1292,659,317,dislike,2025-04-02 11:29:47.790126
1293,660,296,like,2026-02-11 13:00:16.292702
1294,660,49,like,2026-02-16 02:59:49.498438
1295,660,152,like,2026-02-19 23:21:45.572427
1296,660,362,like,2026-02-08 11:05:32.548541
1297,660,292,like,2026-03-02 20:46:48.544957
1298,660,467,like,2026-02-25 23:45:30.208755
1299,660,171,like,2026-02-15 03:01:26.653829
1300,660,165,like,2026-02-16 00:32:23.067013
1301,660,550,like,2026-02-06 17:34:06.690340
1302,660,293,like,2026-02-25 12:56:12.431255
1303,660,187,like,2026-03-03 04:42:54.499682
1304,660,180,like,2026-02-25 13:25:14.384949
1305,660,158,like,2026-02-15 01:53:28.608992
1306,660,166,like,2026-03-01 02:56:43.713468
1307,660,244,like,2026-02-21 04:53:05.336570
1308,660,120,like,2026-02-06 01:26:51.635225
1309,660,43,like,2026-02-11 09:07:16.179372
1310,660,325,like,2026-03-06 05:14:31.892702
1311,660,590,like,2026-02-18 18:46:37.514478
1312,660,130,like,2026-02-12 10:52:10.717783
1313,660,452,like,2026-03-04 09:03:31.127991
1314,660,267,like,2026-02-20 23:04:45.707049
1315,660,379,like,2026-02-13 19:09:15.040581
1316,660,189,like,2026-02-01 11:49:52.839866
1317,660,211,like,2026-02-22 13:34:51.779534
1318,660,577,like,2026-02-10 09:11:57.613477
1319,660,36,like,2026-02-07 02:27:02.371529
1320,660,353,like,2026-02-16 16:13:55.998366
1321,660,382,like,2026-02-20 04:52:09.514633
1322,660,460,like,2026-03-03 18:26:02.179778
1323,660,554,like,2026-02-07 21:56:32.277362
1324,660,167,like,2026-03-01 00:21:47.623226
1325,660,548,like,2026-02-10 22:06:24.420018
1326,660,309,like,2026-02-17 15:00:17.080300
1327,660,125,like,2026-02-28 16:46:32.252191
1328,660,26,like,2026-02-11 08:07:50.050736
1329,660,415,like,2026-02-20 18:42:10.272847
1330,660,512,like,2026-02-17 17:48:59.898420
1331,660,149,like,2026-02-25 22:25:15.846796
1332,660,470,like,2026-02-08 18:09:08.738428
1333,660,328,like,2026-02-27 15:30:42.796895
1334,660,160,like,2026-02-06 09:45:19.532921
1335,660,5,like,2026-02-11 06:40:18.395379
1336,660,561,like,2026-02-22 14:58:49.502786
1337,660,521,like,2026-02-22 11:47:05.693678
1338,660,340,like,2026-02-05 09:52:40.042432
1339,660,303,like,2026-02-23 11:16:01.270454
1340,660,486,like,2026-02-10 20:41:14.916199
1341,660,297,like,2026-02-07 06:02:02.744093
1342,660,589,like,2026-03-03 11:58:14.908160
1343,660,151,like,2026-02-22 18:21:53.735723
1344,660,580,like,2026-02-02 05:17:25.144775
1345,660,453,like,2026-02-26 18:18:39.365101
1346,660,347,like,2026-02-17 16:58:35.148463
1347,660,116,like,2026-03-05 15:02:11.440776
1348,660,491,like,2026-02-21 05:38:57.511747
1349,660,42,like,2026-02-13 07:56:37.890583
1350,660,143,like,2026-02-17 06:55:29.908054
1351,660,566,like,2026-02-15 19:23:27.813530
1352,660,316,like,2026-02-09 20:51:55.729210
1353,660,412,like,2026-02-24 03:15:59.468511
1354,660,226,like,2026-03-05 17:56:35.695746
1355,660,457,like,2026-02-28 13:09:39.188855
1356,660,366,like,2026-02-13 17:05:52.882361
1357,660,95,like,2026-02-25 16:54:07.439562
1358,660,335,like,2026-02-01 20:34:20.332261
1359,660,57,like,2026-02-09 22:09:57.590166
1360,660,200,like,2026-02-20 15:51:35.451506
1361,660,599,like,2026-02-06 03:26:45.408034
1362,660,541,like,2026-02-16 15:22:17.127881
1363,660,228,like,2026-02-24 09:09:45.669414
1364,660,285,like,2026-02-13 04:26:40.640218
1365,660,201,like,2026-02-03 00:50:48.886087
1366,660,24,like,2026-02-13 07:28:01.230432
1367,660,86,like,2026-02-22 11:32:02.249283
1368,660,553,like,2026-03-05 02:39:40.813553
1369,660,90,like,2026-02-02 21:30:29.414333
1370,660,526,like,2026-02-10 23:52:03.101672
1371,660,404,like,2026-02-22 13:41:36.493158
1372,660,503,like,2026-02-03 19:59:51.340355
1373,660,326,like,2026-02-07 17:35:17.224300
1374,660,525,like,2026-02-22 04:57:36.760183
1375,660,58,like,2026-02-26 18:17:15.912293
1376,660,428,dislike,2026-02-21 05:32:46.465832
1377,660,472,dislike,2026-02-06 20:14:41.951977
1378,660,178,dislike,2026-02-12 00:37:18.259003
1379,660,505,dislike,2026-02-11 19:30:16.546102
1380,660,437,dislike,2026-03-01 10:31:55.770201
1381,660,456,dislike,2026-02-27 22:26:16.854340
1382,660,440,dislike,2026-02-10 07:42:12.344403
1383,660,14,dislike,2026-02-24 12:54:36.935129
1384,660,341,dislike,2026-02-13 08:33:15.810984
1385,660,410,dislike,2026-02-19 02:04:21.031240
1386,660,418,dislike,2026-02-12 23:50:23.079173
1387,661,148,like,2025-06-25 10:26:15.505398
1388,661,14,like,2025-07-12 00:20:58.949629
1389,662,423,like,2026-05-15 10:49:59.477174
1390,662,349,like,2026-05-17 06:42:39.037257
1391,664,194,like,2026-02-08 16:14:04.612124
1392,674,135,like,2025-06-24 10:23:41.512387
1393,678,537,like,2025-10-20 17:31:09.813200
1394,678,352,like,2025-11-04 09:20:24.569537
1395,679,122,like,2025-09-14 01:16:40.592813
1396,679,228,like,2025-09-13 20:19:13.004174
1397,686,20,like,2026-06-22 21:50:25.719749
1398,686,497,like,2026-06-13 14:10:46.871007
1399,686,443,like,2026-05-29 10:48:30.679360
1400,686,44,like,2026-05-31 10:32:02.784432
1401,686,202,like,2026-06-04 21:48:22.713719
1402,690,127,like,2025-04-12 11:21:11.393342
1403,690,211,like,2025-04-28 03:48:50.908391
1404,694,285,like,2025-03-10 18:06:43.520218
1405,694,595,like,2025-03-22 02:10:25.508540
1406,697,585,like,2026-07-09 19:36:02.439733
1407,697,70,like,2026-06-14 19:50:58.285451
1408,697,102,like,2026-07-08 20:39:57.106018
1409,697,594,like,2026-07-15 11:46:19.410396
1410,697,15,like,2026-07-15 08:46:05.243401
1411,697,543,like,2026-07-13 01:25:25.783962
1412,697,223,like,2026-06-30 12:09:31.621766
1413,697,197,like,2026-07-07 22:53:33.742333
1414,697,289,like,2026-06-20 20:29:13.214085
1415,698,110,like,2025-10-24 03:31:06.984764
1416,698,186,like,2025-10-05 13:45:04.267307
1417,699,528,like,2025-11-11 22:57:06.098606
1418,699,234,like,2025-11-12 19:25:43.179640
1419,699,419,like,2025-12-03 16:31:03.750941
1420,699,116,like,2025-12-01 18:29:00.590062
1421,699,323,like,2025-11-26 20:24:16.068064
1422,700,42,like,2025-03-07 00:19:42.475759
1423,700,85,like,2025-03-17 13:45:03.305420
1424,700,336,like,2025-03-07 23:02:41.424235
1425,700,507,like,2025-03-30 02:22:57.177186
1426,701,456,like,2025-07-16 05:25:38.126089
1427,702,440,like,2026-04-08 11:22:36.369393
1428,702,194,like,2026-04-25 22:25:19.821978
1429,702,72,like,2026-05-06 01:22:38.980417
1430,702,489,like,2026-04-17 11:31:28.522834
1431,702,378,like,2026-04-30 21:56:10.663458
1432,702,184,like,2026-04-23 18:16:21.429485
1433,702,14,like,2026-04-11 20:40:46.294159
1434,702,505,like,2026-05-01 05:40:02.942722
1435,702,108,like,2026-04-23 15:03:10.345482
1436,702,407,like,2026-04-11 00:35:40.296090
1437,702,450,like,2026-04-29 21:06:30.947390
1438,702,537,like,2026-04-29 09:09:06.493696
1439,702,88,like,2026-04-30 05:23:17.757864
1440,702,123,like,2026-04-26 10:51:25.628876
1441,702,147,like,2026-04-23 05:49:03.995632
1442,702,406,like,2026-05-05 20:34:12.388888
1443,702,412,like,2026-04-24 06:26:13.097007
1444,702,105,like,2026-04-20 10:11:48.437099
1445,702,173,like,2026-04-23 20:50:30.612289
1446,702,67,like,2026-05-09 17:47:07.940859
1447,702,374,like,2026-04-27 22:38:26.424555
1448,702,204,like,2026-04-19 03:17:59.814967
1449,702,348,like,2026-05-09 23:18:55.036672
1450,702,206,like,2026-04-18 01:28:30.573001
1451,702,415,like,2026-04-08 07:36:23.477973
1452,702,126,like,2026-04-08 21:11:01.298559
1453,702,239,like,2026-05-05 06:38:10.514333
1454,702,436,like,2026-04-19 00:11:25.305432
1455,702,513,like,2026-05-02 02:44:04.702771
1456,702,287,like,2026-04-08 06:36:31.703444
1457,702,597,like,2026-05-07 02:09:47.681083
1458,702,281,like,2026-04-18 18:05:38.947083
1459,702,411,like,2026-04-10 14:58:08.298365
1460,702,366,like,2026-04-18 21:12:12.075913
1461,702,416,like,2026-04-19 06:58:54.468920
1462,702,498,like,2026-04-19 02:06:15.626739
1463,702,525,like,2026-04-29 10:04:51.373356
1464,702,151,like,2026-04-15 15:10:48.277752
1465,702,467,like,2026-04-28 23:33:18.692260
1466,702,111,like,2026-04-27 03:06:51.356949
1467,702,258,like,2026-05-07 17:24:00.530484
1468,702,503,like,2026-04-09 13:29:20.836472
1469,702,511,like,2026-04-17 13:01:08.030538
1470,702,237,like,2026-04-18 15:09:51.616949
1471,702,138,like,2026-04-08 00:51:30.688350
1472,702,31,like,2026-04-18 05:58:56.649565
1473,702,102,like,2026-04-22 17:48:59.189447
1474,702,55,like,2026-05-06 03:47:01.499366
1475,702,70,like,2026-04-26 07:31:42.442642
1476,702,512,like,2026-05-07 10:13:00.510797
1477,702,28,like,2026-04-16 06:23:02.546112
1478,702,393,like,2026-04-30 13:51:20.568296
1479,702,336,like,2026-04-26 23:28:49.149355
1480,702,157,like,2026-05-10 05:42:02.727332
1481,702,312,like,2026-04-19 23:16:44.425665
1482,702,99,like,2026-04-20 09:19:46.432903
1483,702,79,like,2026-04-26 11:07:11.453621
1484,702,534,like,2026-05-04 07:45:00.673486
1485,702,506,like,2026-04-10 17:08:03.404215
1486,702,479,like,2026-04-29 21:10:40.687128
1487,702,207,like,2026-04-18 13:51:46.448545
1488,702,302,like,2026-04-24 03:18:13.501636
1489,702,504,like,2026-05-02 21:00:43.390112
1490,702,518,like,2026-04-18 16:43:13.700087
1491,702,269,like,2026-04-27 20:57:04.432423
1492,702,557,like,2026-04-19 11:45:22.956014
1493,702,353,like,2026-04-21 21:52:54.617532
1494,702,555,like,2026-04-23 22:39:01.085540
1495,702,561,like,2026-05-05 14:57:22.347747
1496,702,19,like,2026-05-03 14:48:31.029633
1497,702,33,like,2026-05-05 09:23:35.964075
1498,702,442,like,2026-04-25 05:45:22.144156
1499,702,122,like,2026-04-16 22:58:24.166679
1500,702,364,dislike,2026-04-08 23:06:50.476592
1501,702,438,dislike,2026-05-10 14:04:15.913465
1502,702,521,dislike,2026-04-20 18:42:38.930890
1503,702,541,dislike,2026-04-14 21:47:51.770445
1504,702,42,dislike,2026-05-02 03:23:57.670390
1505,703,96,like,2026-03-14 17:40:21.551837
1506,703,594,like,2026-03-05 21:14:57.431416
1507,703,99,like,2026-03-25 09:58:45.692610
1508,703,346,like,2026-03-20 14:41:14.677528
1509,703,281,like,2026-03-08 22:56:08.056568
1510,703,70,like,2026-03-25 16:45:33.584859
1511,703,582,like,2026-03-13 07:47:10.849988
1512,704,554,like,2025-04-02 18:52:02.448952
1513,705,258,like,2025-05-12 20:12:19.035706
1514,705,529,like,2025-05-30 16:04:20.905966
1515,705,466,like,2025-05-17 20:02:51.735575
1516,705,562,like,2025-05-22 08:08:17.490636
1517,705,185,like,2025-05-18 10:44:58.951019
1518,705,20,like,2025-06-04 11:59:55.208178
1519,705,530,like,2025-05-09 23:22:09.077218
1520,705,192,like,2025-05-14 14:40:24.951691
1521,705,592,like,2025-05-21 13:46:40.325790
1522,705,513,like,2025-06-04 06:47:44.621132
1523,705,219,like,2025-05-29 08:39:40.634616
1524,705,480,like,2025-05-16 08:59:04.100632
1525,705,275,like,2025-05-27 20:48:46.728842
1526,705,547,like,2025-05-21 08:31:11.697212
1527,705,446,like,2025-05-11 14:40:26.492866
1528,705,581,like,2025-05-14 05:21:35.905240
1529,705,62,like,2025-05-16 00:17:47.228454
1530,705,536,like,2025-06-04 09:36:36.805665
1531,705,206,like,2025-05-23 07:09:17.730800
1532,705,374,like,2025-05-26 11:41:13.822512
1533,705,253,dislike,2025-05-22 08:44:00.575891
1534,706,38,like,2026-05-17 11:46:40.979291
1535,706,207,like,2026-05-23 00:41:46.521965
1536,706,164,like,2026-05-03 11:22:16.143447
1537,706,280,like,2026-05-17 21:35:53.160348
1538,706,140,like,2026-05-15 12:53:07.342445
1539,706,30,like,2026-05-07 22:04:45.930448
1540,706,265,like,2026-05-08 23:11:20.706899
1541,706,285,like,2026-05-25 20:25:14.428818
1542,706,565,like,2026-05-04 12:55:52.672098
1543,706,181,like,2026-05-15 13:10:46.193440
1544,706,44,like,2026-05-11 23:11:36.616088
1545,706,499,like,2026-05-09 23:32:21.094117
1546,706,21,like,2026-05-21 05:19:12.519210
1547,706,57,like,2026-05-29 21:11:08.227254
1548,706,86,like,2026-04-30 20:50:58.628143
1549,706,323,like,2026-05-24 08:33:42.642737
1550,706,306,like,2026-05-26 08:09:18.469867
1551,706,66,like,2026-05-01 12:44:23.813182
1552,706,418,like,2026-05-30 06:58:04.455374
1553,706,374,like,2026-05-22 02:16:51.411689
1554,706,93,like,2026-05-08 03:23:18.205821
1555,706,408,like,2026-05-12 12:45:15.276803
1556,706,144,like,2026-05-21 00:09:40.753609
1557,706,242,like,2026-05-23 01:29:43.854479
1558,706,115,like,2026-05-29 19:31:39.908930
1559,706,586,like,2026-05-22 13:12:02.679879
1560,706,514,like,2026-05-17 12:55:50.259911
1561,706,124,like,2026-05-07 14:06:27.321689
1562,706,536,like,2026-05-14 10:55:27.522536
1563,706,596,like,2026-04-29 23:17:41.850739
1564,706,539,like,2026-05-31 17:36:01.611435
1565,706,258,like,2026-05-30 15:00:28.777728
1566,706,510,like,2026-05-30 07:20:36.341648
1567,706,244,like,2026-05-09 17:42:45.341340
1568,706,126,like,2026-05-30 22:03:35.990011
1569,706,322,like,2026-05-24 22:20:11.099270
1570,706,339,like,2026-05-09 14:56:25.423531
1571,706,600,like,2026-05-28 08:32:07.668248
1572,706,401,like,2026-05-05 01:11:01.890161
1573,706,435,like,2026-05-14 08:04:43.506332
1574,706,224,like,2026-05-10 06:44:58.415583
1575,706,148,like,2026-05-26 18:48:01.010229
1576,706,110,like,2026-05-21 04:32:44.426014
1577,706,180,like,2026-05-26 00:27:21.575330
1578,706,220,like,2026-05-08 20:13:52.658697
1579,706,282,like,2026-05-02 09:04:39.796555
1580,706,452,like,2026-05-25 16:34:02.709056
1581,706,420,like,2026-05-16 02:21:20.024652
1582,706,63,dislike,2026-05-24 06:33:20.328276
1583,706,548,dislike,2026-05-30 14:11:59.457776
1584,712,268,like,2026-05-17 17:56:35.420389
1585,712,519,like,2026-05-28 00:37:55.280366
1586,720,141,like,2026-04-11 17:27:38.003426
1587,721,313,like,2025-12-01 01:04:53.689377
1588,721,322,like,2025-12-02 20:18:58.735012
1589,721,591,like,2025-11-28 21:34:29.571672
1590,721,85,like,2025-11-11 14:18:17.249099
1591,721,114,like,2025-11-27 01:26:35.978588
1592,721,162,like,2025-11-20 22:29:00.209054
1593,723,464,like,2025-11-18 11:34:08.850638
1594,723,491,like,2025-11-19 19:32:40.215578
1595,724,337,like,2025-05-18 09:56:39.999019
1596,724,290,like,2025-05-19 06:39:36.496694
1597,724,204,like,2025-05-18 17:43:14.938980
